event_id,year,storm_start_bj,storm_end_bj,pre_window_utc,post_window_utc,pre_days,post_days,area,rain_ref_mm,rainfall,s1_pre_count,s1_post_count,s2_source,s2_count,n_flood_px,n_nonflood_px,n_high_flood_px,n_medium_flood_px,n_high_nonflood_px,n_medium_nonflood_px,s2_valid_px,s1_valid_cover,vv_offset_db,vh_offset_db,debias_mode,offset_spread_db,n_flood_at_m35,n_flood_at_m45,flood_sens_ratio,flood_area_km2,valid_area_km2,sample_count,status
Wuhan_2016_0601,2016,2016-06-01 03:00,2016-06-01 10:00,2016-05-02 ~ 2016-05-26,2016-06-01 ~ 2016-06-19,24,18,洪山、光谷、汉阳、沌口,115,洪山、光谷97–115 mm；汉阳、沌口56 mm；华中农业大学附近1小时40 mm,6,2,S2_HARMONIZED(L1C/TOA),6,2359.933333333333,155960.3921568621,16.450980392156865,2343.482352941176,5389.384313725488,150571.0078431366,111644.74509803922,0.4692692897820541,-0.24715250435635294,-0.24973993546696574,perImage,0.0033174708938796815,2781.027450980383,1906.8078431372535,1.4584728403491272,20.21555455353095,4012.87408324265,4000,OK
Wuhan_2016_0630,2016,2016-06-30 20:00,2016-07-06 10:00,2016-05-19 ~ 2016-06-09,2016-07-06 ~ 2016-07-24,21,19,全市，重灾区：新洲、江夏、蔡甸、南湖周边,560.5,全市周累计560.5 mm（历史极值）；蔡甸玉贤346.5 mm；城区挽月中学341.3 mm；主城区14小时229.1 mm,4,4,S2_SR_HARMONIZED(L2A),16,16275.003921568623,307647.4117647048,3947.2705882352966,12327.733333333326,50225.125490195875,257422.28627450895,231075.43921568632,1.0,0.24749944106195407,-0.12521960768133375,perImage,0.9965340462305952,17588.176470587252,14774.129411764014,1.19047126097207,139.78468569379902,8581.565020640395,4000,OK
Wuhan_2017_0405,2017,2017-04-05 17:00,2017-04-06 07:00,2017-03-07 ~ 2017-03-31,2017-04-05 ~ 2017-04-23,24,18,东西湖、汉口、黄陂南部、新洲,70.2,黄陂五湖站最大70.2 mm；城区47 mm,8,6,S2_SR_HARMONIZED(L2A),11,2523.4235294117643,366411.9999999979,2188.6078431372543,334.8156862745099,352597.82745097845,13814.172549019506,948043.4156862746,1.0,-0.2438980803774389,0.12422879331361587,perImage,1.3735670804553692,2855.3882352941155,2317.207843137254,1.2322538281366346,21.677892736400885,8581.565020640395,4000,OK
Wuhan_2017_0608,2017,2017-06-08 20:00,2017-06-09 20:00,2017-05-10 ~ 2017-06-03,2017-06-09 ~ 2017-06-27,24,18,中心城区为主,,局部暴雨，中心城区无明显渍水（文档只给“6月8日晚–9日”，此处按24小时窗口处理）,8,4,S2_SR_HARMONIZED(L2A),6,2523.3725490196084,374835.4823529386,4.0549019607843135,2519.317647058824,100968.47843137196,273867.0039215667,258379.23529411762,0.9798819507138115,-0.2482787837054288,0.12466067794688361,perImage,0.12804064278411453,3087.937254901955,1978.7647058823525,1.560537867752705,21.66897714122242,8408.258572657563,4000,OK
Wuhan_2017_0824,2017,2017-08-24 00:00,2017-08-25 00:00,2017-07-25 ~ 2017-08-18,2017-08-24 ~ 2017-09-11,24,18,市区多区,50,发布暴雨橙色预警，多区降雨量50 mm以上,8,6,S2_HARMONIZED(L1C/TOA),9,1124.403921568627,372437.7333333319,1053.192156862745,71.21176470588236,366714.3921568614,5723.341176470589,980729.9333333336,1.0,0.2472285039950613,0.12439112437668634,perImage,0.12675743248700613,1240.92156862745,962.0274509803913,1.289902452744816,9.661724931150417,8581.565020640395,3124,OK
Wuhan_2018_0518,2018,2018-05-18 00:00,2018-05-19 00:00,2018-04-18 ~ 2018-05-12,2018-05-18 ~ 2018-06-05,24,18,洪山、硚口、江夏等,105,洪山中心气象台最大52.2 mm；江夏永丰水库累计105 mm,8,4,S2_HARMONIZED(L1C/TOA),8,5061.6470588235325,340407.56470588065,338.24705882352936,4723.400000000002,121120.96862745067,219286.59607843004,330881.53333333327,1.0,0.24531350642828298,-0.12464573039063645,perImage,0.8720461664306822,6153.999999999953,4160.627450980374,1.4791038304931332,43.48485687794503,8581.565020640393,4000,OK
Wuhan_2018_0630,2018,2018-06-30 20:00,2018-07-01 20:00,2018-06-01 ~ 2018-06-25,2018-07-01 ~ 2018-07-19,24,18,全市,315.8,累计315.8 mm（1998年以来最强）,8,6,S2_HARMONIZED(L1C/TOA),22,2539.3764705882354,361337.5372549003,2525.392156862745,13.984313725490196,360811.57254901796,525.964705882353,998547.2156862748,1.0,0.24575862517790492,0.12417750436926357,perImage,0.9990847395563514,2931.831372549015,2274.419607843137,1.2890459449254006,21.80622000924099,8581.565020640395,4000,OK
Wuhan_2019_0620,2019,2019-06-20 19:00,2019-06-21 07:00,2019-05-22 ~ 2019-06-15,2019-06-20 ~ 2019-07-08,24,18,全市，蔡甸雨量最大,208,24小时平均150 mm；蔡甸最大208 mm；最强小时雨量超2016年,8,6,S2_SR_HARMONIZED(L2A),36,1855.04705882353,397639.3568627434,1012.1490196078429,842.8980392156863,294135.8431372534,103503.51372548993,794740.5411764707,1.0,0.24684313578686592,0.12462796948061147,perImage,0.9360871126514341,2144.1450980392174,1584.9372549019613,1.3528264866055197,15.920806045507824,8581.565020640395,3855,OK
Wuhan_2020_0628,2020,2020-06-28 08:00,2020-06-29 13:00,2020-05-30 ~ 2020-06-23,2020-06-29 ~ 2020-07-17,24,18,全市，洪山区第二师范站最大,231.6,24小时最大165.9 mm；洪山第二师范站231.6 mm（28日8时–29日13时）,8,6,S2_SR_HARMONIZED(L2A),30,4490.247058823528,389259.76862744935,235.9294117647058,4254.317647058824,208564.89411764627,180694.87450980314,536966.9960784314,1.0,0.24492357163404815,0.12480737357555513,perImage,1.494710263639922,5050.937254901932,3844.2156862744987,1.3139057917421095,38.57898718369717,8581.565020640395,4000,OK
Wuhan_2020_0705,2020,2020-07-05 06:00,2020-07-06 06:00,2020-05-24 ~ 2020-06-14,2020-07-05 ~ 2020-07-23,21,18,江夏区（乌龙泉）最重，武昌、汉阳,432.5,江夏乌龙泉432.5 mm（单日历史极值）；最大小时88.3 mm,8,6,S2_SR_HARMONIZED(L2A),32,10784.733333333343,353144.3764705868,8441.376470588244,2343.3568627450986,307934.2627450965,45210.11372549013,865489.4666666668,1.0,-0.24603357238121834,-0.12498013973726597,perImage,1.1227768163854819,11184.047058823404,10415.599999999968,1.0737784725626405,92.70946268157144,8581.565020640395,4000,OK
Wuhan_2021_0510,2021,2021-05-10 14:00,2021-05-10 22:00,2021-04-11 ~ 2021-05-05,2021-05-10 ~ 2021-05-28,24,18,东湖风景区、洪山区,122.1,东湖城市学院站122.1 mm；洪山中心气象台小时94.7 mm,8,6,S2_SR_HARMONIZED(L2A),27,1689.4705882352946,400316.9215686253,547.5921568627451,1141.8784313725487,289816.49803921423,110500.42352941132,740329.3294117649,1.0,0.24887767785537412,0.12443992861460028,perImage,0.9357032912501722,1992.3686274509782,1400.1960784313715,1.42292115950147,14.48547649162455,8581.565020640395,3689,OK
Wuhan_2021_0823,2021,2021-08-23 08:00,2021-08-24 08:00,2021-07-25 ~ 2021-08-18,2021-08-24 ~ 2021-09-11,24,18,蔡甸、东西湖、黄陂南部、新洲、中心城区,143.6,东西湖常青路站最大143.6 mm,8,6,S2_SR_HARMONIZED(L2A),46,488.29019607843117,440731.7960784292,488.29019607843117,0,439578.2784313704,1153.5176470588237,998664.2156862747,1.0,0.2462239791272324,-0.12471410346931286,perImage,0.9933228009913301,586.3882352941179,469.1215686274512,1.249970742146356,4.1951699065946695,8581.565020640395,2488,OK
Wuhan_2022_0627,2022,2022-06-27 19:00,2022-06-28 06:00,2022-05-29 ~ 2022-06-22,2022-06-27 ~ 2022-07-15,24,18,蔡甸、新洲,156.4,蔡甸侏儒站156.4 mm；武荆高速站小时61.6 mm,8,6,S2_SR_HARMONIZED(L2A),53,224.7725490196079,300113.3019607828,224.7725490196079,0,300113.3019607828,0,1000485.2156862748,1.0,0.24597554109738962,-0.12482193602714196,perImage,1.56021115598276,234.70980392156855,163.95294117647055,1.4315681209337925,1.9285058183134192,8581.565020640395,2225,OK
Wuhan_2023_0618,2023,2023-06-18 18:00,2023-06-19 06:00,2023-05-20 ~ 2023-06-13,2023-06-18 ~ 2023-07-06,24,18,江夏区,224,江夏舒安站224 mm；最大小时64 mm,8,6,S2_SR_HARMONIZED(L2A),34,345.5411764705882,340112.7764705865,345.5411764705882,0,340112.7764705865,0,1000485.2156862747,1.0,0.24627863641402456,0.12360006495640903,perImage,1.6831883606904587,424.2705882352941,314.63529411764694,1.3484519892312299,2.9693760068091297,8581.565020640395,2346,OK
Wuhan_2023_0719,2023,2023-07-19 12:00,2023-07-20 07:00,2023-06-20 ~ 2023-07-14,2023-07-19 ~ 2023-08-06,24,18,武汉经开区（江汉大学站）,162.3,累计162.3 mm；最大小时雨强创1951年以来历史极值,8,4,S2_SR_HARMONIZED(L2A),58,311.89803921568625,399974.1019607815,311.89803921568625,0,399974.1019607815,0,1000485.2156862748,1.0,0.24318367600412888,0.12438626056786052,perImage,0.8766571225337461,331.7843137254902,239.18039215686275,1.3871718778180389,2.6797293263825046,8581.565020640395,2312,OK
Wuhan_2024_0621,2024,2024-06-21 07:00,2024-06-22 07:00,2024-05-22 ~ 2024-06-15,2024-06-21 ~ 2024-07-09,24,18,黄陂、东西湖、蔡甸、江夏、经开区,100,多个区24小时累计超100 mm,6,5,S2_SR_HARMONIZED(L2A),34,2925.149019607844,355914.3921568603,690.0627450980393,2235.0862745098048,249875.50588235137,106038.88627450934,741990.5333333333,1.0,0.24610955584149066,0.12447648259745277,perImage,0.5020591092022105,3322.176470588216,2548.0588235294053,1.303806819493497,25.070711588499584,8581.565020640395,4000,OK
Wuhan_2024_0628,2024,2024-06-28 03:00,2024-06-28 12:00,2024-05-19 ~ 2024-06-09,2024-06-28 ~ 2024-07-16,21,18,东西湖（长青街站）,147.8,东西湖长青街站147.8 mm,4,5,S2_SR_HARMONIZED(L2A),36,3514.047058823531,155168.2196078424,822.2235294117647,2691.823529411766,86292.2862745096,68875.933333333,796415.6352941176,0.46461635236297666,-0.12378798872677871,-0.12513539110741223,perImage,1.8710048249665123,3921.6274509803634,3089.145098039192,1.2694863227595177,30.099988842639448,3973.1155516233575,4000,OK
Wuhan_2025_0522,2025,2025-05-22 00:00,2025-05-22 16:00,2025-04-22 ~ 2025-05-16,2025-05-22 ~ 2025-06-09,24,18,洪山区（理工大学站）,189,洪山理工大学站189 mm,8,5,S2_SR_HARMONIZED(L2A),40,2799.81568627451,273138.71764705697,619.6980392156862,2180.117647058824,187127.14117646948,86011.57647058775,755228.7764705883,0.8731731695791191,0.24800328325281826,0.12471601235346079,perImage,2.061590622111013,3371.078431372539,2222.768627450979,1.5166123858957,24.009090058731623,7490.530322514447,4000,OK
Wuhan_2025_0607,2025,2025-06-07 00:00,2025-06-09 00:00,2025-04-24 ~ 2025-05-14,2025-06-08 ~ 2025-06-26,20,18,北部（新洲等）,117.2,新洲张渡湖站117.2 mm（6月21日数据，同期另有高考期间强降雨）,8,6,S2_SR_HARMONIZED(L2A),25,1366.266666666667,331798.0705882333,1063.941176470588,302.3254901960785,302883.2039215669,28914.866666666647,925103.5215686277,1.0,0.246719971416763,0.12464751326091061,perImage,1.0584108717848177,1642.470588235292,1161.3843137254887,1.414235209503196,11.73017955375689,8581.565020640393,3366,OK
